iteration,train_loss,validation_loss,validation_accuracy
1.0,1.084093941888495,1.0861782383901222,0.3125
2.0,1.317031443053411,1.0557251779927288,0.3125
