{
  "model": "cc_dqml",
  "communication": "classical",
  "convolutional_sub_layers": 1.0,
  "dataset_seed": 0.0,
  "init_seed": 0.0,
  "max_abs_pearson": 0.5312476147720584,
  "train_loss": 1.180163746651244,
  "train_accuracy": 0.3333333333333333,
  "validation_loss": 1.0557251779927288,
  "validation_accuracy": 0.3125
}